,Asset ID,Canonical Name,Category,Purpose / Where Used,Current Beta Source,Canonical Visual Authority,Production Master,Rights / Origin,Rights Status,Beta Status,Rebuild Priority,Figma Component / Node,Drive Folder,Notes
0,ARC-001,Arc Logo,Brand,Primary product identity,Current canonical build / SVG reference,https://www.figma.com/design/hVwqA0RHGujaYUHX4oW2RU/Arc-%E2%80%94-Canonical-UI-Rebuild?node-id=73-2&m=dev&t=e88saLu4JC7zSi7V-1,https://to.adobe.com/SjENGYjaohk5UfwU,Founder-created / verify source files,VERIFY,READY TO SWAP,P0,Logo,https://drive.google.com/drive/folders/1Oq1_iq2xMx1KlCHeZlfD2j1ZBqACwEhN,MATCHED + vectorized. Technical handoff-ready. Keep logo button semantics/live alt label in code. Verify commercial/trademark provenance before release.
1,ARC-002,Planner Background Paper,Texture,Main planner/environment backdrop,Background image.svg,https://www.figma.com/design/hVwqA0RHGujaYUHX4oW2RU/Arc-%E2%80%94-Canonical-UI-Rebuild?node-id=73-2&m=dev&t=e88saLu4JC7zSi7V-1,,Current Canva-derived status unknown,VERIFY,BETA,P1,Background,https://drive.google.com/drive/folders/1cMGKpSiPzRmDTOS8adTYzSwBJPmNFf6u,Replace with original texture if provenance is unclear.
2,ARC-003,Calendar Shell,UI Structure,Fixed central planner/calendar shell: canonical book/paper appearance + live calendar structure,ARC_ARC-003_CALENDAR-SHELL_VISUAL-AUTHORITY_REFERENCE.jpeg + current develop Week,https://www.figma.com/design/hVwqA0RHGujaYUHX4oW2RU/Arc-%E2%80%94-Canonical-UI-Rebuild?node-id=73-2&m=dev&t=e88saLu4JC7zSi7V-1,HYBRID — canonical planner image/reference establishes shell appearance; live HTML/CSS/React implements calendar geometry and semantics. Static book/paper/edge/texture sub-assets allowed; no baked dynamic calendar.,Code + founder-directed visual reference; verify any raster source provenance separately,CLEARED CODE / VERIFY IMAGE,HANDOFF READY,P0,Calendar,https://drive.google.com/drive/folders/1zM5MLQxu2K_oWkh07KKBNdlg5lXO8Yrz,"VISUAL AUTHORITY + LIVE UI. Match book geometry, page proportions, center gutter, exterior edges, paper treatment, spacing, and composition closely enough to be visually indiscernible at normal desktop size. Preserve proven Course → continuous Unit span → Section rows → Lessons hierarchy. Dynamic dates, labels, Units, Lessons, Notes, controls and states stay live. Furniture must not squeeze/reflow the shell."
3,ARC-004,Settings Closed Tab,Furniture,Left-edge closed state,ARC MAIN OPEN.svg / v20,https://www.figma.com/design/hVwqA0RHGujaYUHX4oW2RU/Arc-%E2%80%94-Canonical-UI-Rebuild?node-id=73-2&m=dev&t=e88saLu4JC7zSi7V-1,CODE — CSS/HTML closed Settings tab silhouette; label remains live text,Current source status unknown,CLEARED,PRODUCTION,P0,Settings/Closed,https://drive.google.com/drive/folders/1RWBa1BzWpgrsVxHSscwTpeZsW2TyfwoT,"CODE, NOT ASSET. Match canonical yellow edge-tab geometry; no conventional app-rail treatment."
4,ARC-005,Settings Open Surface,Furniture,Large left-side open state,ARC SETTINGS OPEN.svg,https://www.figma.com/design/hVwqA0RHGujaYUHX4oW2RU/Arc-%E2%80%94-Canonical-UI-Rebuild?node-id=73-2&m=dev&t=e88saLu4JC7zSi7V-1,https://to.adobe.com/mL6siBn9ky7AHHy4,Current source status unknown,VERIFY,READY TO SWAP,P0,Settings/Open,https://drive.google.com/drive/folders/1RWBa1BzWpgrsVxHSscwTpeZsW2TyfwoT,MATCHED + Adobe-vectorized static open furniture surface. Settings labels/controls remain live HTML. Source provenance still needs release clearance.
5,ARC-006,Fridge Closed Tab / Door,Furniture,Right-edge closed state,ARC MAIN OPEN.svg / v20,https://www.figma.com/design/hVwqA0RHGujaYUHX4oW2RU/Arc-%E2%80%94-Canonical-UI-Rebuild?node-id=73-2&m=dev&t=e88saLu4JC7zSi7V-1,CODE — CSS/HTML Fridge closed tab/handle; label/content live,Current source status unknown,CLEARED,PRODUCTION,P0,Fridge/Closed,https://drive.google.com/drive/folders/1RWBa1BzWpgrsVxHSscwTpeZsW2TyfwoT,"CODE, NOT ASSET. Keep outside calendar geometry; use simple live geometry rather than raster if it matches cleanly."
6,ARC-007,Fridge Open Surface,Furniture,Large right-side open state,ARC DRAWER OPEN.svg,https://www.figma.com/design/hVwqA0RHGujaYUHX4oW2RU/Arc-%E2%80%94-Canonical-UI-Rebuild?node-id=73-2&m=dev&t=e88saLu4JC7zSi7V-1,https://to.adobe.com/xbCQj1NMHaleofP5,Current source status unknown,VERIFY,READY TO SWAP,P0,Fridge/Open,https://drive.google.com/drive/folders/1RWBa1BzWpgrsVxHSscwTpeZsW2TyfwoT,MATCHED + Adobe-vectorized static blue open surface. Drawer/Fridge contents and entry controls stay live. Source provenance still needs release clearance.
7,ARC-008,Task Bar Closed,Furniture,Bottom-edge closed state,v20,https://www.figma.com/design/hVwqA0RHGujaYUHX4oW2RU/Arc-%E2%80%94-Canonical-UI-Rebuild?node-id=73-2&m=dev&t=e88saLu4JC7zSi7V-1,CODE — CSS/HTML Task Bar closed tab/folder silhouette; TASKS label live,Current source status unknown,CLEARED,PRODUCTION,P0,TaskBar/Closed,https://drive.google.com/drive/folders/1RWBa1BzWpgrsVxHSscwTpeZsW2TyfwoT,"CODE, NOT ASSET. Closed state stays compact at exterior edge; no baked task text."
8,ARC-009,Task Bar Open,Furniture,Large bottom open state,ARC TASKS OPEN.svg,https://www.figma.com/design/hVwqA0RHGujaYUHX4oW2RU/Arc-%E2%80%94-Canonical-UI-Rebuild?node-id=73-2&m=dev&t=e88saLu4JC7zSi7V-1,https://to.adobe.com/PYXIcETSxTwkIKcx,Current source status unknown,VERIFY,READY TO SWAP,P0,TaskBar/Open,https://drive.google.com/drive/folders/1RWBa1BzWpgrsVxHSscwTpeZsW2TyfwoT,"MATCHED + Adobe-vectorized static open kraft surface. Must/Should/Could labels, checkboxes, lines, tasks and MORE/LESS controls remain live code."
9,ARC-010,Unit Magnet,Calendar Object,Unit object,Current UI assets,https://www.figma.com/design/hVwqA0RHGujaYUHX4oW2RU/Arc-%E2%80%94-Canonical-UI-Rebuild?node-id=73-2&m=dev&t=e88saLu4JC7zSi7V-1,,Founder rules; art provenance TBD,VERIFY,BETA,P1,Calendar/Unit,https://drive.google.com/drive/folders/1LgwnWvRWJXAPme9uAQXnK1jQWk5aeBox,Units = circular magnets.
10,ARC-011,Lesson Post-it,Calendar Object,Lesson object,Current UI assets,https://www.figma.com/design/hVwqA0RHGujaYUHX4oW2RU/Arc-%E2%80%94-Canonical-UI-Rebuild?node-id=73-2&m=dev&t=e88saLu4JC7zSi7V-1,,Founder rules; art provenance TBD,VERIFY,BETA,P1,Calendar/Lesson,https://drive.google.com/drive/folders/1LgwnWvRWJXAPme9uAQXnK1jQWk5aeBox,Lessons = square Post-its.
11,ARC-012,Note Post-it,Calendar Object,Note object,Current UI assets,https://www.figma.com/design/hVwqA0RHGujaYUHX4oW2RU/Arc-%E2%80%94-Canonical-UI-Rebuild?node-id=73-2&m=dev&t=e88saLu4JC7zSi7V-1,,Founder rules; art provenance TBD,VERIFY,BETA,P1,Calendar/Note,https://drive.google.com/drive/folders/1LgwnWvRWJXAPme9uAQXnK1jQWk5aeBox,Notes = square Post-its.
12,ARC-013,Important Red Circle,Mark / Accent,Important/fixed emphasis,page elements.svg,https://www.figma.com/design/hVwqA0RHGujaYUHX4oW2RU/Arc-%E2%80%94-Canonical-UI-Rebuild?node-id=73-2&m=dev&t=e88saLu4JC7zSi7V-1,https://to.adobe.com/IVCKPpZtKyJOHzou,Founder-created concept; redraw cleanly,VERIFY,READY TO SWAP,P0,Marks/Important,https://drive.google.com/drive/folders/1ZRVl5VraH1zXnzKiTOQcJfuBE03lucl6,MATCHED + Adobe-vectorized reusable hand-drawn red circle mark. Keep decorative/non-semantic; verify original drawing provenance before commercial release.
13,ARC-014,Add / Plus Mark,Control,Add item inside calendar,Current UI / SVG,https://www.figma.com/design/hVwqA0RHGujaYUHX4oW2RU/Arc-%E2%80%94-Canonical-UI-Rebuild?node-id=73-2&m=dev&t=e88saLu4JC7zSi7V-1,,Current source status unknown,VERIFY,BETA,P1,Controls/Add,https://drive.google.com/drive/folders/1ZRVl5VraH1zXnzKiTOQcJfuBE03lucl6,
14,ARC-015,Fridge Decorative Artwork,Illustration,Fridge personality / exterior art,page elements.svg,https://www.figma.com/design/hVwqA0RHGujaYUHX4oW2RU/Arc-%E2%80%94-Canonical-UI-Rebuild?node-id=73-2&m=dev&t=e88saLu4JC7zSi7V-1,,Canva-derived status unknown,VERIFY,BETA,P1,Fridge/Artwork,https://drive.google.com/drive/folders/1RWBa1BzWpgrsVxHSscwTpeZsW2TyfwoT,Good Procreate candidate.
15,ARC-016,Furniture Texture - Settings,Texture,Settings paper/surface texture,SVG reference,https://www.figma.com/design/hVwqA0RHGujaYUHX4oW2RU/Arc-%E2%80%94-Canonical-UI-Rebuild?node-id=73-2&m=dev&t=e88saLu4JC7zSi7V-1,,Current source status unknown,VERIFY,BETA,P1,Settings/Texture,https://drive.google.com/drive/folders/1cMGKpSiPzRmDTOS8adTYzSwBJPmNFf6u,Good Procreate candidate.
16,ARC-017,Furniture Texture - Fridge,Texture,Fridge surface texture,SVG reference,https://www.figma.com/design/hVwqA0RHGujaYUHX4oW2RU/Arc-%E2%80%94-Canonical-UI-Rebuild?node-id=73-2&m=dev&t=e88saLu4JC7zSi7V-1,,Current source status unknown,VERIFY,BETA,P1,Fridge/Texture,https://drive.google.com/drive/folders/1cMGKpSiPzRmDTOS8adTYzSwBJPmNFf6u,Good Procreate candidate.
17,ARC-018,Furniture Texture - Task Bar,Texture,Task Bar surface texture,SVG reference,https://www.figma.com/design/hVwqA0RHGujaYUHX4oW2RU/Arc-%E2%80%94-Canonical-UI-Rebuild?node-id=73-2&m=dev&t=e88saLu4JC7zSi7V-1,,Current source status unknown,VERIFY,BETA,P1,TaskBar/Texture,https://drive.google.com/drive/folders/1cMGKpSiPzRmDTOS8adTYzSwBJPmNFf6u,Good Procreate candidate.
18,ARC-019,Tab Icons / Marks,Icon Set,Furniture tab identification,page elements.svg,https://www.figma.com/design/hVwqA0RHGujaYUHX4oW2RU/Arc-%E2%80%94-Canonical-UI-Rebuild?node-id=73-2&m=dev&t=e88saLu4JC7zSi7V-1,,Current source status unknown,VERIFY,BETA,P2,Tabs/Icons,https://drive.google.com/drive/folders/1ZRVl5VraH1zXnzKiTOQcJfuBE03lucl6,
19,ARC-020,Sticker / Creation Bar Assets,Decorative UI,Appears during lesson/note/idea creation,Current UI assets,https://www.figma.com/design/hVwqA0RHGujaYUHX4oW2RU/Arc-%E2%80%94-Canonical-UI-Rebuild?node-id=73-2&m=dev&t=e88saLu4JC7zSi7V-1,,Current source status unknown,VERIFY,BETA,P2,CreationBar,https://drive.google.com/drive/folders/1ZRVl5VraH1zXnzKiTOQcJfuBE03lucl6,Only appears while creating relevant objects.
20,ARC-021,Drawer Entry Field,Interactive UI Surface,Input surface for adding Notes / Units / Lessons from the drawer,Rounded gray field reference from isolated Canva export,https://www.figma.com/design/hVwqA0RHGujaYUHX4oW2RU/Arc-%E2%80%94-Canonical-UI-Rebuild?node-id=73-2&m=dev&t=e88saLu4JC7zSi7V-1,CODE — live input/container; reproduce appearance with CSS,Founder-directed UI geometry; no third-party artwork required,CLEARED,PRODUCTION,P1,Fridge/EntryField,https://drive.google.com/drive/folders/1RWBa1BzWpgrsVxHSscwTpeZsW2TyfwoT,"CODE, NOT ASSET. Delete the raster card if CSS recreation is cleaner. Must remain editable, accessible and skin-compatible."
,Asset ID,Canonical Name,Base / Classic,Dark,Skin 02,Skin 03,Beta Current,Production Cleared,Notes
0,ARC-001,Arc Logo,Adobe vector candidate,TBD,TBD,TBD,Current logo reference,VERIFY provenance,Static logo artwork only; accessible label live.
1,ARC-002,Planner Background Paper,,,,,,,
2,ARC-003,Calendar Shell,Canonical planner image/reference + live coded shell,Live coded shell + dark-skin surface treatment,Live coded shell + Skin 02 surface treatment,Live coded shell + Skin 03 surface treatment,Current develop Week + canonical ARC-003 image reference,CLEARED CODE / VERIFY IMAGE,Reference image is the visual authority for book/paper geometry. Do not implement the whole calendar as a baked screenshot; dynamic calendar content remains live.
3,ARC-004,Settings Closed Tab,CODE — yellow closed tab,CODE,CODE,CODE,Current reference,PRODUCTION,Live label.
4,ARC-005,Settings Open Surface,Adobe vector surface,Variant by skin,Variant by skin,Variant by skin,Current reference,VERIFY provenance,Open Settings surface only.
5,ARC-006,Fridge Closed Tab / Door,CODE — closed Fridge tab,CODE,CODE,CODE,Current reference,PRODUCTION,Live label/content.
6,ARC-007,Fridge Open Surface,Adobe vector blue surface,Variant by skin,Variant by skin,Variant by skin,Current reference,VERIFY provenance,Open Fridge surface only.
7,ARC-008,Task Bar Closed,CODE — closed Task tab,CODE,CODE,CODE,Current reference,PRODUCTION,Live TASKS label.
8,ARC-009,Task Bar Open,Adobe vector kraft surface,Variant by skin,Variant by skin,Variant by skin,Current reference,VERIFY provenance,Open Task Bar surface only.
9,ARC-010,Unit Magnet,,,,,,,
10,ARC-011,Lesson Post-it,,,,,,,
11,ARC-012,Note Post-it,,,,,,,
12,ARC-013,Important Red Circle,Adobe vector red mark,Same signature mark,Same signature mark,Same signature mark,Current reference,VERIFY provenance,Signature mark; do not recolor per skin unless explicitly approved.
13,ARC-014,Add / Plus Mark,,,,,,,
14,ARC-015,Fridge Decorative Artwork,,,,,,,
15,ARC-016,Furniture Texture - Settings,,,,,,,
16,ARC-017,Furniture Texture - Fridge,,,,,,,
17,ARC-018,Furniture Texture - Task Bar,,,,,,,
18,ARC-019,Tab Icons / Marks,,,,,,,
19,ARC-020,Sticker / Creation Bar Assets,,,,,,,
20,ARC-021,Drawer Entry Field,CODE / Classic,CODE / Dark,CODE / Skin 02,CODE / Skin 03,Rounded-card reference,CODE — production,Do not ship as baked image.
,Priority,Asset ID,Asset,Best Tool,Why Rebuild,Definition of Done,Source Reference,New Master Link,Status,Notes
0,P0,ARC-001,Arc Logo,Illustrator,Ensure commercial/trademark-safe original,Original vector master + SVG/PNG exports; exact approved appearance,Current Arc logo / Figma,,READY FOR REVIEW,Adobe vector candidate generated; provenance verification remains.
1,P0,ARC-004,Settings Closed Tab,Illustrator,Clean swappable production vector,Exact silhouette/texture; separated from live UI text,Founder SVG / Figma,,APPROVED,Closed Settings tab should be built live in CSS/HTML; no separate raster master required.
2,P0,ARC-005,Settings Open Surface,Illustrator + Procreate,Clean furniture surface + original texture,Matches canonical frame; content region remains live,ARC SETTINGS OPEN.svg,,READY FOR REVIEW,Open Settings surface vectorized and visually checked.
3,P0,ARC-006,Fridge Closed Tab / Door,Illustrator + Procreate,Clean original refrigerator art,Indiscernible at intended size; editable master,Founder SVG / Figma,,APPROVED,Closed Fridge tab/handle should be live CSS/HTML; no separate raster master required.
4,P0,ARC-007,Fridge Open Surface,Illustrator + Procreate,Clean right furniture state,Exact open footprint; content region live,ARC DRAWER OPEN.svg,,READY FOR REVIEW,Open Fridge surface vectorized and visually checked.
5,P0,ARC-008,Task Bar Closed,Illustrator,Clean bottom furniture state,Exact tab/surface dimensions,v20 / Figma,,APPROVED,Closed Task Bar tab should be live CSS/HTML; no separate raster master required.
6,P0,ARC-009,Task Bar Open,Illustrator + Procreate,Clean large open-state surface,Exact founder SVG footprint and texture,ARC TASKS OPEN.svg,,READY FOR REVIEW,Open Task Bar surface vectorized and visually checked.
7,P0,ARC-013,Important Red Circle,Procreate / Illustrator,Own a canonical red mark,Reusable original mark set; transparent exports,page elements.svg,,READY FOR REVIEW,Red circle vectorized and visually checked; provenance verification remains.
8,P1,ARC-002,Planner Background Paper,Procreate,Replace any uncertain Canva texture,Original seamless/large texture master,Background image.svg,,NOT STARTED,
9,P1,ARC-015,Fridge Decorative Artwork,Procreate,Own the decorative illustration layer,Transparent original artwork; no Canva library dependency,page elements.svg,,NOT STARTED,
,ARC ASSET LIBRARY — WORKING RULES,Unnamed: 1
0,Purpose,"One registry for every reusable Arc visual asset, its provenance, beta version, production-cleared master, skin variants, and Drive location."
1,File naming,ARC_[ASSET-ID]_[SHORT-NAME]_[STATE-or-SKIN]_v##_[STATUS].[ext]
2,Example,ARC_ARC-009_TASK-BAR_OPEN_v01_APPROVED.svg
3,Status vocabulary,BETA = allowed for internal testing; VERIFY = provenance unresolved; CLEARED = acceptable source/rights; PRODUCTION = approved final asset; RETIRED = do not use.
4,Version rule,Never overwrite an approved master. Save a new numbered version and update the Asset Index link.
5,Skin rule,Keep geometry/component role constant across skins unless the product spec explicitly changes it. Skin columns point to the current approved file for that skin.
6,Source-of-truth rule,Figma/SVG may remain the visual authority while beta assets are temporary. Production Master is the clean Illustrator/Procreate-owned file used for release.
7,Drive structure,ARC / 04_ASSET_LIBRARY / 01_BRAND / 02_FURNITURE / 03_CALENDAR_OBJECTS / 04_MARKS_ICONS / 05_TEXTURES / 06_SKINS / 90_ARCHIVE
8,Per-asset folder,Optional for complex assets: /[ASSET-ID]_[NAME]/SOURCE / EXPORTS / ARCHIVE
9,Master formats,Illustrator: .ai + .svg. Procreate: .procreate + transparent .png. Keep editable master plus web-ready export.
10,Do not bake,"Do not bake labels, buttons, or other live interface text into furniture artwork unless explicitly decorative."
11,Swap rule,Code references stable asset/component names so beta artwork can be replaced without rewriting behavior.
12,,
13,Asset Library Root,https://drive.google.com/drive/folders/1zM5MLQxu2K_oWkh07KKBNdlg5lXO8Yrz
14,Brand Folder,https://drive.google.com/drive/folders/1Oq1_iq2xMx1KlCHeZlfD2j1ZBqACwEhN
15,Furniture Folder,https://drive.google.com/drive/folders/1RWBa1BzWpgrsVxHSscwTpeZsW2TyfwoT
16,Calendar Objects Folder,https://drive.google.com/drive/folders/1LgwnWvRWJXAPme9uAQXnK1jQWk5aeBox
17,Marks + Icons Folder,https://drive.google.com/drive/folders/1ZRVl5VraH1zXnzKiTOQcJfuBE03lucl6
18,Textures Folder,https://drive.google.com/drive/folders/1cMGKpSiPzRmDTOS8adTYzSwBJPmNFf6u
19,Skins Folder,https://drive.google.com/drive/folders/1Ewf6dM_NG7gJwln2LhD0kxleOdl8wx6-
20,Archive Folder,https://drive.google.com/drive/folders/1WQrUQKSmJJyNg7jQ-KVhwKgPekkzo3LX
21,,
22,Dynamic UI boundary,"Never bake dates, labels, Settings content, tasks, lessons, notes, focus/hover/selected states, controls, accessibility labels, or user-entered content into artwork."
23,Asset boundary,"Assets may provide static physical surfaces, silhouettes, textures, decorative marks and approved brand identity only."
24,Canva SVG warning,"A .svg extension is not proof of vector paths. The 9.svg / 10.svg / 11.svg Canva exports inspected 2026-09-06 contain embedded raster image data and are reference-only, not production vector masters."
25,B01 handoff rule,"For B01, visual matching precedes B02 object grammar. Do not restyle Unit/Lesson/Note object language until B01 shell/furniture is Green."
26,ARC-003 Calendar Shell rule,"The approved calendar/planner image is the canonical visual authority for the shell. Production is hybrid: static book/paper/texture/edge assets may be used, but the working calendar grid and all changing/interactive content must remain live HTML/CSS/React."
,Order,Asset ID / Family,Disposition,Deliverable / Production Candidate,Visual Match,Dynamic UI Boundary,Technical Handoff,Commercial Rights Gate,Linking Instruction
0,1,ARC-003 Calendar Shell,HYBRID — VISUAL REFERENCE ASSET + LIVE UI,ARC_ARC-003_CALENDAR-SHELL_VISUAL-AUTHORITY_REFERENCE.jpeg + current develop live Week shell,CANONICAL IMAGE AUTHORITY LOCKED,"Book/paper shell appearance may use static surface assets; dates, course names, Units, Lessons, Notes, labels, controls, focus/selection and changing content all stay live",READY,CLEARED CODE / VERIFY IMAGE,"Use the canonical calendar image as the appearance/geometry authority. Reproduce its book geometry, page proportions, center gutter, edges, paper treatment and spacing in the live shell. Preserve Course → continuous Unit span → Section → Lesson structure. Do NOT drop the full screenshot in as the working calendar or simplify it into a generic white panel."
1,2,ARC-001 Arc Logo,MATCH,https://to.adobe.com/SjENGYjaohk5UfwU,VISUALLY VERIFIED,Button semantics/accessible name stay live,READY TO SWAP,VERIFY,Use vector mark only; do not bake navigation label/state into art.
2,3,ARC-004 Settings Closed,"CODE, NOT ASSET",CSS/HTML edge-tab silhouette,MATCH FROM REFERENCE,"SETTINGS label, focus/hover, click target live",READY,CLEARED,Match yellow canonical tab; no conventional rail.
3,3,ARC-005 Settings Open,REBUILD TO MATCH,https://to.adobe.com/mL6siBn9ky7AHHy4,VISUALLY VERIFIED,All Settings text/controls live HTML,READY TO SWAP,VERIFY,Use SVG only as open furniture surface/background.
4,4,ARC-006 Fridge Closed,"CODE, NOT ASSET",CSS/HTML right-edge tab/handle,MATCH FROM REFERENCE,"Label, focus/hover, interaction live",READY,CLEARED,Keep outside calendar; do not overlay/squeeze calendar.
5,4,ARC-007 Fridge Open,REBUILD TO MATCH,https://to.adobe.com/xbCQj1NMHaleofP5,VISUALLY VERIFIED,"Drawer title, shorthand, note/unit/lesson entry and contents live",READY TO SWAP,VERIFY,Use vector surface only. Input field = ARC-021 live CSS.
6,5,ARC-008 Task Bar Closed,"CODE, NOT ASSET",CSS/HTML bottom tab/folder silhouette,MATCH FROM REFERENCE,TASKS label + interaction live,READY,CLEARED,Compact exterior-edge closed state.
7,5,ARC-009 Task Bar Open,REBUILD TO MATCH,https://to.adobe.com/PYXIcETSxTwkIKcx,VISUALLY VERIFIED,"Must/Should/Could, checkboxes, tasks, lines, MORE/LESS live",READY TO SWAP,VERIFY,Surface rises substantially; owns content; does not reflow calendar.
8,6,ARC-013 Important Red Circle,MATCH,https://to.adobe.com/IVCKPpZtKyJOHzou,VISUALLY VERIFIED,Decorative emphasis only; semantic importance must also exist in code,READY TO SWAP,VERIFY,Reusable SVG mark; preserve hand-drawn form and red signature.
9,—,ARC-021 Drawer Entry Field,"CODE, NOT ASSET",CSS live input/container,REFERENCE ONLY,Actual user-entered Notes / Units / Lessons live,READY,CLEARED,Delete raster rounded card if it adds clunkiness; recreate cleanly in code.

